Year,%
2015,0.200053706
2016,0.279683377
2017,0.459298478
2018,0.715409545
2019,1.189740208
2020,1.762724754
2021,2.800517019