Year,Total consumption (GWh)
2015,870.1393367
2016,833.2904895
2017,783.4473391
2018,749.8602484
2019,714.499011
2020,721.4763391
2021,838.6696793
2022,796.0654